livrede campagne;numero de quete;nom de la quete;note;condition ;texte;lu
HÃ©roquest le dÃ©but;1;L' Ã©preuve;A;;Les armes sur le rÃ¢telier sont inutilisables et le coffre est vide, ce donjon a l'air Ã  l'abandon.;0
HÃ©roquest le dÃ©but;1;L' Ã©preuve;B;;Câ€™Ã©tait autrefois le seigneur de ce donjon, aujourdâ€™hui rÃ©duit Ã  lâ€™Ã©tat de momie. Il garde encore ces lieux avec fÃ©rocitÃ©, accompagnÃ© de la gargouille quâ€™il invoquait autrefois pour repousser ou conquÃ©rir dâ€™autres bastions. Cette momie nâ€™est pas ordinaire : elle attaque avec 4 dÃ©s dâ€™attaque (au lieu des 3).\n\n Voir note C aprÃ¨s avoir vaincu les crÃ©atures dâ€™outre-tombe.;0
HÃ©roquest le dÃ©but;1;L' Ã©preuve;C;A,B;84 piÃ¨ces dâ€™or sont contenues dans ce petit coffre.;0
HÃ©roquest le dÃ©but;1;L' Ã©preuve;D;A,C;Verga vous regarde pÃ©nÃ©trer dans la piÃ¨ce, ses yeux jaunes brillants dâ€™une lueur malveillante. Dâ€™un geste vif, il fait claquer son fouet dont lâ€™onde crÃ©e une attaque sur le premier joueur qui est entrÃ© dans la piÃ¨ce. (Lancer immÃ©diatement 2 dÃ©s dâ€™attaque, et le hÃ©ros peut lancer ses dÃ©s de dÃ©fense et continuer son tour). Une fois Verag et ses sbires Ã©liminÃ©s, lire la note E.;0
HÃ©roquest le dÃ©but;1;L' Ã©preuve;E;D;"Sur la dÃ©pouille encore fumante de la gargouille, vous rÃ©cupÃ©rez une clÃ© en fer noirci. En lâ€™insÃ©rant dans la serrure du coffre, vous entendez un dÃ©clic sourd.
Ã€ lâ€™intÃ©rieur, vous dÃ©couvrez un rubis rouge sang, serti dans un Ã©crin de velours usÃ©. Un Rubis du CHAOS gemme maudite dâ€™une valeur estimÃ©e Ã  120 piÃ¨ces dâ€™or. Si l'enchanteur le garde sur lui il pourra Ã  partir de maintenant jouer son tour quand il le souhaite (pendant la phase des hÃ©ros valable pour toutes les autres quÃªtes). Vous devez maintenant rejoindre la sortie pour valider votre premiÃ¨re victoire. ";0
HÃ©roquest le dÃ©but;2;A la rescousse de Sir Ragnar;A;;Le gobelin a piÃ©gÃ© le coffre avec une aiguille empoisonnÃ©e. ( -1 PV), il a bien mÃ©ritÃ© le sort que vous lui avez rÃ©servÃ©. Et en plus le coffre est vide quelle perfide crÃ©ature.;0
HÃ©roquest le dÃ©but;2;A la rescousse de Sir Ragnar;B;;"Le coffre, marquÃ© du sceau dâ€™Ulag, sâ€™ouvre dans un grincement mÃ©tallique.
Ã€ lâ€™intÃ©rieur scintillent 60 piÃ¨ces dâ€™or et une petite fiole rouge : une potion de guÃ©rison capable de restaurer 4 points de vie.";0
HÃ©roquest le dÃ©but;2;A la rescousse de Sir Ragnar;C;;Sir Ragnar : Utilisez la figurine du sorcier de la Terreur pour reprÃ©senter Sir Ragnar sur le plateau de jeu. Sir Ragnar doit Ãªtre dÃ©placÃ© par le hÃ©ros qui a ouvert la porte de sa cellule : Ce hÃ©ros joue son tour normalement, puis lance 1 dÃ© rouge pour reprÃ©senter le dÃ©placement du chevalier blessÃ©. Sir Ragnar doit Ãªtre raccompagnÃ© vivant jusquâ€™Ã  lâ€™escalier afin que les hÃ©ros puissent recevoir la rÃ©compense (240 piÃ¨ces dâ€™or). Il dispose de 2 dÃ©s de dÃ©fense et 2 PV restants. Il est trop affaibli pour attaquer.Si vous rÃ©ussissez Ã  ramener Sir Ragnar vivant lire la note D sinon la note E en cas de mort de Sir Ragnar.,;0
HÃ©roquest le dÃ©but;2;A la rescousse de Sir Ragnar;D;;Le roi vous accueille dâ€™un discours solennel, empreint de gratitude et de gravitÃ©. Â« Les vents des contrÃ©es lointaines murmurent dÃ©jÃ  vos exploits. Votre bravoure Ã©claire les tÃ©nÃ¨bres et rallume lâ€™espoir au cÅ“ur de lâ€™Empire. Mais prenez gardeâ€¦   Zargon sent votre ascension et dÃ©ploiera des forces toujours plus sombres pour vous abattre Â».\n\nEn rÃ©compense de votre rÃ©ussite, recevez 240 piÃ¨ces dâ€™or, (auxquelles sâ€™ajoutent 50 piÃ¨ces dâ€™or supplÃ©mentaires si Sir Ragnar nâ€™a subi aucune blessure).De plus il vous tend, une hache du clan des nains Main de Fer.\n\nCette arme permet dâ€™effectuer une attaque avec 2 dÃ©s. Si le rÃ©sultat montre deux crÃ¢nes, alors lâ€™un des crÃ¢nes ne peut pas Ãªtre dÃ©fendu. Si le hÃ©ros qui lâ€™utilise est un nain et quâ€™il se dÃ©place de deux cases en ligne droite juste avant son attaque, il lance 3 dÃ©s Ã  la place. Si trois crÃ¢nes apparaissent lors de son attaque, un des crÃ¢nes nâ€™est pas dÃ©fendable. Lors de cette attaque avec 3 dÃ©s , lâ€™ennemi est repoussÃ© de deux cases sans tenir compte du rÃ©sultat des dÃ©s, (application des rÃ¨gles de collision prÃ©vues dans les rÃ¨gles du jeu). Votre mission est un succÃ©s.;0
HÃ©roquest le dÃ©but;2;A la rescousse de Sir Ragnar;E;;Le roi vous accueille par un discours solennel, empreint de dÃ©ception et de chagrin pour lâ€™homme qui a tant fait pour lui.\nÂ« Les vents des contrÃ©es lointaines murmurent dÃ©jÃ  vos exploits malgrÃ© la mort de ce hÃ©ros. Votre bravoure rallume lâ€™espoir au cÅ“ur de lâ€™Empire. Mais prenez gardeâ€¦ Zargon sent votre ascension et dÃ©ploiera des forces toujours plus sombres pour vous abattre. Â»\nAfin dâ€™amÃ©liorer vos capacitÃ©s de combat, le roi vous offre une hache du clan des Nains Main-de-Fer. _\n\nCette arme permet dâ€™effectuer une attaque avec 2 dÃ©s. Si le rÃ©sultat montre deux crÃ¢nes, alors lâ€™un des crÃ¢nes ne peut pas Ãªtre dÃ©fendu. Si le hÃ©ros qui lâ€™utilise est un Nain et quâ€™il se dÃ©place de deux cases en ligne droite juste avant son attaque, il lance 3 dÃ©s Ã  la place. Si trois crÃ¢nes apparaissent lors de cette attaque, lâ€™un des crÃ¢nes nâ€™est pas dÃ©fendable. Lors de cette attaque Ã  3 dÃ©s, lâ€™ennemi est repoussÃ© de deux cases, sans tenir compte du rÃ©sultat des dÃ©s (application des rÃ¨gles de collision prÃ©vues dans le jeu).\n\nVotre mission reste un succÃ¨sâ€¦ au goÃ»t amer.;0
HÃ©roquest le dÃ©but;3;Le repaire du seigneur de guerre orc;A;;En fouillant lâ€™armurerie, le hÃ©ros dÃ©couvre un bÃ¢ton de moine poussiÃ©reux posÃ© contre un rÃ¢telier brisÃ©. Son Ã©quilibre parfait et ses gravures anciennes laissent penser quâ€™il sâ€™agit dâ€™une arme de bonne facture. Tu peux lâ€™ajouter Ã  ton Ã©quipement, ou le confier Ã  un autre hÃ©ros. Le bÃ¢ton est identique Ã  celui des cartes Ã©quipements mais avec un petit plus si l'enchanteur l'utilise, elle permet une attaque Ã  distance jusquâ€™Ã  5 cases de distance , et 2 dÃ©s dâ€™attaque mais consomme un point dâ€™esprit . (Prendre la carte dans les Ã©quipements).;0
HÃ©roquest le dÃ©but;3;Le repaire du seigneur de guerre orc;B;;Dans un vieux buffet vermoulu, vous retrouvez enfin le butin volÃ© par les gobelins lors de la quÃªte prÃ©cÃ©dente. : Quelques piÃ¨ces dâ€™or ternies (30 piÃ¨ces dâ€™or.) et une petite fiole contenant un liquide rouge sombre. Celui qui boira cette potion retrouvera jusquâ€™Ã  4 points de vie perdus.;0
HÃ©roquest le dÃ©but;3;Le repaire du seigneur de guerre orc;C;;ULAG : Le chef Ulag, cuirassÃ© et furieux, vous fixe de ses yeux brÃ»lants. Dâ€™un cri sauvage, il enflamme le cÅ“ur de ses sbires ! Les gobelins, pris dâ€™une rage frÃ©nÃ©tique, frapperont avec une violence impossible Ã  parer. Avant de recevoir une attaque au corps Ã  corps, les gobelins effectuent une attaque sournoise dâ€™un dÃ©, indÃ©fendableâ€¦\n\n Utiliser la figurine d'orc armÃ© de la grosse Ã©pÃ©e pour reprÃ©senter Ulag. Les capacitÃ©s d'Ulag sont les suivantes DÃ©p 10 Att 4 DÃ©f 5 Vie 4 Esprit 4. Si vous sortez vivant du combat lisez la note D.;0
HÃ©roquest le dÃ©but;3;Le repaire du seigneur de guerre orc;D;;Ulag sâ€™effondre, terrassÃ© comme les siens, dans un vacarme de tous les diables. Son cri rÃ©sonne Ã  travers son bastion, signal clair pour ses troupes que leur chef vient de tomber. Dâ€™abord Ã  genoux, puis Ã©talÃ© de tout son long, et câ€™est lÃ , dans ce bref silence aprÃ¨s le fracas, que lâ€™enchanteur aperÃ§oit une rune de sang. Ces pierres, forgÃ©es avec du sang maudit, permettent Ã  leur porteur de lancer 1 dÃ©s dâ€™attaque supplÃ©mentaires en sacrifiant 1 PV. Ne peut pas Ãªtre utilisÃ©e si les points de vie du hÃ©ros sont infÃ©rieurs ou Ã©gaux Ã  5 PV. Il faut cependant les sceller directement sur une arme pour quâ€™elles rÃ©vÃ¨lent toute leur puissance. Une fois Ulag immobile, cette grande masse verte devenue soudain inerte, chacun ressent le poids de la mission qui vient dâ€™Ãªtre menÃ©e Ã  bien. Mission accomplie.;0
HÃ©roquest le dÃ©but;4;L' or du prince Magnus;A;;"Vous trouvez une potion de guÃ©rison (2 PV) certainement appartenant au guerrier du chaos. Puis La voix de Mentor se fait entendre : ""HÃ¢tez-vous ! Les forces de Zargon ont dÃ©couvert l'existence du passage secret par lequel vous Ãªtes entrÃ©. Un rÃ©giment composÃ© d'orcs, de gobelins et d'abominations approche rapidement par ce passage. Vous devez partir avant leur arrivÃ©e. DÃ©pÃªchez-vous de trouver une nouvelle sortie"" Les X sur le plan indique les deux portes de sorties vers lâ€™extÃ©rieur du plateau, vous pouvez installer les 2 portes. Les objectifs 2 et 3 doivent Ãªtre dÃ©clenchÃ©s avant de sortir (sinon les portes sont considÃ©rÃ©es comme verrouillÃ©es). Puis lire la note B. ";0
HÃ©roquest le dÃ©but;4;L' or du prince Magnus;B;;Il faut ramener les trois coffres remplis d'or, hors du donjon. Ils sont marquÃ©s du sceau du prince royal. Ces coffres sont verrouillÃ©s. Un hÃ©ros ou un ennemi ne peut transporter quâ€™un seul coffre Ã  la fois. Prendre ou dÃ©poser un coffre ne compte pas comme une action, mais cela doit Ãªtre annoncÃ© clairement avant toute autre action du tour. Porter un coffre fait perdre un dÃ© dâ€™attaque et un dÃ© dÃ©fense mais avec un minimum dâ€™un dÃ© Ã  lancer. Le coffre peut Ãªtre dÃ©posÃ© sur une case adjacente, et il est possible de le poser ou de le reprendre autant de fois que souhaitez pendant un mÃªme tour. De plus, un coffre peut Ãªtre transmis Ã  un personnage situÃ© sur une case adjacente. Une case avec un coffre peut Ãªtre occuppÃ©e par un hÃ©ros ou ennemi. Un ennemi avec un coffre se dirigera vers le passage secret et on considÃ¨re quâ€™il pose automatiquement son coffre pour attaquer ou se dÃ©fendre. Ils ne subissent donc pas de malus. Lire note C;0
HÃ©roquest le dÃ©but;4;L' or du prince Magnus;C;;"Lorsquâ€™un hÃ©ros porte un coffre, il se dÃ©place en lanÃ§ant un seul dÃ© rouge. Un bonus de dÃ©placement sâ€™applique selon le personnage : Le barbare ajoute +3 Ã  son rÃ©sultat, le nain ajoute +2, lâ€™elfe ajoute +1 et les orcs se dÃ©placentr de 8 cases avec un coffre et de 5 cases pour les gobelins.\n\n
Si un hÃ©ros prend un coffre cela arrÃªte son dÃ©placement. Un hÃ©ros peut courir avec un coffre mais avec un seul dÃ© rouge, en appliquant le bonus de son personnage pour chaque lancÃ© de dÃ©. (Courir = se dÃ©placer deux fois mais le hÃ©ro ne peut pas attaquer).";0
HÃ©roquest le dÃ©but;4;L' or du prince Magnus;D;;Pour vous remercier, Magnus offre une rÃ©compense, en fonction de votre rÃ©ussite. Si vous sortez avec un coffre vous gagnez 150 Po avec deux coffres 300 Po et enfin avec trois coffres 450 Po. \n\n Pour soutenir votre quÃªte, un chevalier loyal se joint Ã  votre compagnie. FormÃ© aux arts de la guerre et animÃ© par un sens indÃ©fectible de lâ€™honneur, il progressera Ã  vos cÃ´tÃ©s et mettra sa lame au service de votre destinÃ©e.(Vous pouvez incarner ce chevalier si vous possÃ©dez sa figurine et sa fiche + carte de compÃ©tense.)\n\n Que les dieux vous gardent et que votre lÃ©gende continue de grandir.;0
HÃ©roquest le dÃ©but;5;La descendance du seigneur de guerre orc;A;;L'Ã©quipement des hÃ©ros se trouve dans le buffet situÃ© dans cette piÃ¨ce. Quand un hÃ©ros se trouve devant le buffet, il rÃ©cupÃ¨re son Ã©quipement, ses sortilÃ¨ges et potions.;0
HÃ©roquest le dÃ©but;5;La descendance du seigneur de guerre orc;B;;Ces escaliers mÃ¨nent en dehors du donjon et Ã  la libertÃ©. Tout hÃ©ros parvenant Ã  atteindre cette case a rÃ©ussi Ã  s'Ã©chapper. Utilisez une figurine d'orc pour reprÃ©senter Grak. C'est un orc dâ€™allure coriace, armÃ© dâ€™un bÃ¢ton. Il porte aussi une cape de magicien. Ses caractÃ©ristiques sont les suivantes : \n DÃ©pl. 8 â€” Attaque 4 â€” DÃ©fense 4 â€” Vie 3 â€” Esprit 3.\n\n Il sera placÃ© derriÃ¨re le plus grand nombre dâ€™ennemis afin de ne pas Ãªtre atteint par une attaque au corps Ã  corps. Grak connaÃ®t 3 sorts de la Terreur : Horreur, Sommeil et Tornade (se rÃ©fÃ©rer aux cartes Sort de la Terreur pour plus de dÃ©tails). Grak lancera toujours un sort (au lieu dâ€™attaquer au corps Ã  corps). Tirez les sorts au hasard. Une fois les trois sortilÃ¨ges lancÃ©s, il attaquera au corps Ã  corps.\n\n Si vous dÃ©cider de vaincre GRACK et que vous survivez lire la note C. Si vous sortez par les escaliers sans le vaincre lire la note D.;0
HÃ©roquest le dÃ©but;5;La descendance du seigneur de guerre orc;C;;"AprÃ¨s une joute de magie, dâ€™escarmouches et dâ€™esquives, vous avez finalement trouvÃ© lâ€™ouverture. Le dernier coup achÃ¨ve net, votre adversaire. Cet ignoble groin vert sâ€™effondre. Contrairement Ã  ses congÃ©nÃ¨res qui hurlent, crachent ou agonisent sans fin, celui-ci tombe dans un silence absolu.
La cape attire votre attention. Elle scintille trÃ¨s lÃ©gÃ¨rement, certainement des relicats de la magie de son ancien crÃ©ateur. MalgrÃ© la violence du combat, elle nâ€™est pas tachÃ©e de sang. Câ€™est suffisamment Ã©trange pour mÃ©riter quâ€™on la garde.(Prenez la carte artefact Cape Magique).
Quant au bÃ¢ton, il ne se fait pas prier. DÃ¨s que lâ€™enchanteur tend la main, le bois se soulÃ¨ve et bondit vers lui, trouvant sa place comme sâ€™il y avait toujours appartenu. (Prenez la carte artefact BÃ¢ton Magique enchanteur).
Le combat est terminÃ©, quitter cet endroit sinistre en rejoignant les escaliers.";0
HÃ©roquest le dÃ©but;5;La descendance du seigneur de guerre orc;D;;Vous parvenez Ã  vous Ã©chapper de justesse, avant que cet ignoble orc ne vous porte le coup fatal. Vous Ãªtes sauvÃ©â€¦ pour lâ€™instant. Car au fond de vous, vous savez que ce nâ€™est quâ€™un sursis : tÃ´t ou tard, vos chemins croiseront Ã  nouveau celui de Grak. Et ce jour-lÃ , il faudra Ãªtre prÃªt Ã  abattre ce groin vert une bonne fois pour toutes.(Vous pourrez alors tenter la quÃªte 15 lorsque vous vous sentirez lâ€™Ã¢me dâ€™un vÃ©ritable hÃ©ros.);0
HÃ©roquest le dÃ©but;5;La descendance du seigneur de guerre orc;E;;Sur la table un arc dâ€™elfe des bois, vous attire, il permet de tirer 2 flÃ¨ches de suite soit deux attaques attaque avec 2 dÃ©s chacune. Il a une portÃ©e de 6 cases. Si lâ€™elfe est Ã©quipÃ© de lâ€™arc, il peut lancer une flÃ©che avec 3 dÃ©s d'attaque (au lieu des deux attaques) mais il ne peut pas se dÃ©placer pas pendant ce tour. 15 flÃ©ches sont stockÃ©es dans un carquois.;0
HÃ©roquest le dÃ©but;6;Le labyrinthe de Melar;A;;Une potion de guÃ©rison vous attends sur lâ€™Ã©tabli d'alchimiste (rend jusquâ€™Ã  2 PV une fois bue). Elle est entourÃ©e dâ€™un morceau de papier sur lequel est inscrit lâ€™attaque toujours lâ€™attaque.;0
HÃ©roquest le dÃ©but;6;Le labyrinthe de Melar;B;;Les hÃ©ros sâ€™approchent du trÃ©sor, mÃ©fiants, attirÃ©s par lâ€™aura Ã©trange qui lâ€™entoure. Le coffre rÃ©siste, grince, puis cÃ¨de enfinâ€¦. Sous un amas de poussiÃ¨re et de dÃ©bris, il dÃ©couvre alors 100 PO. Mais ce nâ€™est pas tout.En dÃ©pliant un vieux chiffon, jauni par le temps, une lumiÃ¨re blanche et pure surgit, rayonnante. Elle enveloppe le groupe entier dâ€™une douce chaleur, apaisant vos cÅ“urs et vos blessures.Les lanceurs de sorts nâ€™ont aucun doute : ils se tiennent devant le Talisman de la Connaissance, un artÃ©fact forgÃ© par Melar. Sa puissance est dÃ©crite sur la carte ArtÃ©fact correspondante (Prenez lâ€™artÃ©fact). \n\n  Lorsque le talisman se trouve enfin entre vos mains, les murs de pierre vacillentâ€¦ puis sâ€™effacent comme une brume chassÃ©e par lâ€™aube. Devant vous sâ€™ouvre un passage clair, lumineux, invitant vos pas vers la libertÃ©.Ainsi sâ€™achÃ¨ve cette quÃªte, et dÃ©jÃ , les bardes prÃ©parent leurs chants : vos noms porteront loin, portÃ©s par le vent et la gloire.;0
HÃ©roquest le dÃ©but;6;Le labyrinthe de Melar;C;;Si un hÃ©ros chercher un trÃ©sor, il ne trouve rien cependant en insistant, il trouve la clÃ© de Melar sur le trÃ´ne. AussitÃ´t touchÃ©e, elle disparaÃ®t et le trÃ´ne se dÃ©place latÃ©ralement, rÃ©vÃ©lant une porte secrÃ¨te ! mettre en place la porte secrÃ¨te et lisez lâ€™objectif 2.;0
HÃ©roquest le dÃ©but;6;Le labyrinthe de Melar;D;;"Les hÃ©ros passent devant la gargouille avec une apprÃ©hension silencieuse, mais non sans confiance. Seul le Barbare, au regard affÃ»tÃ©, remarque fugacement un mouvement : lâ€™Å“il de la crÃ©ature semble suivre leur progressionâ€¦ Une lueur de vie oÃ¹ il ne devrait y en avoir aucune.
Au moment mÃªme oÃ¹ les hÃ©ros ouvrent la porte, la gargouille sâ€™anime brusquement. Sa pierre craque, ses ailes frÃ©missent, et dans un souffle rauque elle fouette lâ€™air de son appendice tranchant. Elle attaque immÃ©diatement, frappant Ã  une portÃ©e de 3 cases, ( attaque le hÃ©ro le plus proche avec 3 dÃ©s pour cette attaque) avant de sâ€™Ã©loigner rapidement de 5 cases pour chercher une position plus avantageuse (la dÃ©placer le plus loin des hÃ©ros). \n\n Ã€ cet instant, la porte ouverte libÃ¨re une odeur de pourriture lourde, Ã©paisse, qui saisit violemment lâ€™odorat des hÃ©ros.En un coup dâ€™Å“il, vous comprennez : des silhouettes que lâ€™on croyait tombÃ©es au combatâ€¦ se relÃ¨vent. Des cadavres animÃ©s par une force impie, ramenÃ©s dâ€™entre les morts pour vous entraÃ®ner vers les abÃ®mes de lâ€™enfer. \n\n (Installez la piÃ¨ce rÃ©vÃ©lÃ©e conformÃ©ment aux caractÃ©ristiques de lâ€™Objectif 4.)";0
HÃ©roquest le dÃ©but;6;Le labyrinthe de Melar;E;;Le hÃ©ros se jette Ã  lâ€™assaut de la statue, portÃ© par lâ€™Ã©lan du combat. Son coup rÃ©sonne comme un tonnerre, et la pierre se fissure sous lâ€™impact. Mais soudain, ces fissures sâ€™illuminent dâ€™une lueur inquiÃ©tanteâ€¦ La statue tremble, gronde, puis Ã©clate dans un fracas de poussiÃ¨re et dâ€™Ã©clats. La roche qui lâ€™enveloppait vole en Ã©clats, rÃ©vÃ©lant la gargouille tapie en son cÅ“ur, dÃ©sormais libÃ©rÃ©e. Dans un rugissement de pierre vivante, elle dÃ©ploie ses ailes et projette une onde de choc. Tous les hÃ©ros prÃ©sents dans la piÃ¨ce doivent immÃ©diatement se dÃ©fendre contre une attaque de 2 CrÃ¢nes. SitÃ´t libÃ©rÃ©e, la gargouille sâ€™Ã©lance dans la salle, cherchant sa premiÃ¨re proie (elle se dÃ©place le plus pret de l'enchanteur ou de l'elfe)â€¦ Puis, le tour des hÃ©ros reprend, le danger dÃ©sormais bien rÃ©el et face Ã  vous. Une fois la bestiole anÃ©antie, lisez la note G.;0
HÃ©roquest le dÃ©but;6;Le labyrinthe de Melar;F;;Les hÃ©ros sâ€™approchent du trÃ©sor, il rÃ©siste, grince, puis cÃ¨de enfinâ€¦ Une bouffÃ©e de gaz sombre en jaillit et enveloppe le hÃ©ros qui lâ€™a ouvert. Pris de vertiges, il sâ€™effondre, perdant 2 PV avant de reprendre lentement ses esprits. Il dÃ©couvre alors 200 PO.;0
HÃ©roquest le dÃ©but;6;Le labyrinthe de Melar;G;;La gargouille chancelle, puis se redresse dans un grincement de pierre vivante. Ses yeux sâ€™embrasent et un cri strident rÃ©sonne dans tout le laboratoire. Dans un pas lourd, elle se dirige vers la porte de la salle et lâ€™ouvre dâ€™un geste brutal, comme pour alerter son maÃ®tre que les intrus sont enfin lÃ . DÃ©ployez alors la salle conformÃ©ment Ã  lâ€™objectif 4.;0
HÃ©roquest le dÃ©but;7;L' enchanteur disparu;A;;Quels combats Ã©piquesâ€¦ Abattre ces crÃ©atures maudites ne laisse jamais personne indemne. Il vous a fallu puiser dans tout votre arsenal pour en venir Ã  bout. Alors que le calme revient peu Ã  peu, un Ã©clat au sol attire votre regard. Vous vous penchez : il sâ€™agit dâ€™un bijou ancien. Lâ€™enchanteur lâ€™examine quelques instants avant dâ€™annoncer quâ€™il sâ€™agit dâ€™une Amulette du Guerrier â€“ Seconde Chance. Cet artefact permet au Barbare, en cas dâ€™Ã©chec critique lors dâ€™une attaque (aucun crÃ¢ne obtenu), de relancer tous ses dÃ©s une fois par attaque, sans dÃ©penser de point dâ€™Esprit.\n\n Plus loin, accrochÃ©e au dossier dâ€™une chaise, une ceinture dâ€™alchimiste retient votre attention. Solide, finement ouvragÃ©e, elle confÃ¨re Ã  son porteur la capacitÃ© de transporter deux potions supplÃ©mentaires. Inscrire ces Ã©quipements sur la fiche de hÃ©ros qui les portes.;0
HÃ©roquest le dÃ©but;7;L' enchanteur disparu;B;;Cette salle est une ancienne armurerie. Les murs sont bordÃ©s de rÃ¢teliers usÃ©s oÃ¹ pendent des armes rouillÃ©es et des armures brisÃ©es, vestiges silencieux dâ€™un autre Ã¢ge. En explorant les lieux, le premier hÃ©ros Ã  chercher un trÃ©sor remarque, Ã  moitiÃ© ensevelie sous des dÃ©bris, une armure Ã©tonnamment prÃ©servÃ©e. MalgrÃ© la poussiÃ¨re et les annÃ©es, elle se dresse entiÃ¨re, sans la moindre brÃ¨che : lâ€™Armure de Borin, rescapÃ©e du temps et encore empreinte de la lÃ©gende de son porteur. Prendre la carte de lâ€™artefact concernÃ©.;0
HÃ©roquest le dÃ©but;7;L' enchanteur disparu;C;;Les hÃ©ros se tournent dâ€™abord vers le coffre et y dÃ©couvrent 144 piÃ¨ces dâ€™or. Puis, en parcourant les documents Ã©parpillÃ©s sur le pupitre de Wardoz, un frisson les traverse : tout indique que lâ€™enchanteur a Ã©tÃ© dÃ©vorÃ© de lâ€™intÃ©rieur par la Magie de la Terreur sur laquelle il menait ses expÃ©riences. Ils comprennent alors lâ€™horreur de son destin : Wardoz a Ã©tÃ© consumÃ©, corrompu jusquâ€™Ã  devenir un misÃ©rable zombie, prisonnier de la force obscure quâ€™il tentait de maÃ®triser. Une certitude sâ€™impose : ces pouvoirs interdits doivent Ãªtre approchÃ©s avec une extrÃªme mÃ©fiance. Vous avez rÃ©ussi cette mission. Retournez Ã  lâ€™escalier pour valider votre succÃ¨s et mettre fin Ã  cette quÃªte.;0
HÃ©roquest le dÃ©but;8; Le mage du feu;A;;Balur vous observe en silence un court instant, son sourire Ã©trange flottant sous sa capuche. On dirait presque quâ€™il savoure ce qui vient de se passer, comme un joueur qui hÃ©site entre continuer la partieâ€¦ ou la rendre encore plus amusante. Il incline la tÃªte, comme sâ€™il vous saluait. â€” Â« IntÃ©ressantâ€¦ trÃ¨s intÃ©ressant. Â» Ses mots rÃ©sonnent avant mÃªme que ses lÃ¨vres ne bougent rÃ©ellement. Un souffle dâ€™Ã©nergie parcourt la piÃ¨ce, les braises des torches deviennent bleues, et la pierre sous vos pieds se met Ã  vibrer. Puis, dâ€™un geste sec, il rompt le fragile Ã©quilibre magiqueâ€¦ et disparaÃ®t dans un fracas assourdissant, comme si lâ€™air lui-mÃªme se dÃ©chirait. Votre mission maintenant : pour poursuivre lâ€™aventure et dÃ©clencher lâ€™Objectif 3, vous devez atteindre lâ€™une des piÃ¨ces marquÃ©es A ou B.\n . Cet objectif ne peut Ãªtre rÃ©vÃ©lÃ© ou activÃ© quâ€™en entrant dans lâ€™une de ces salles, pas autrement. Vous vous ressaisissez et ouvrez le coffre qui contient 150 piÃ¨ces dâ€™or et une potion de vie (2 PV).;0
HÃ©roquest le dÃ©but;8; Le mage du feu;B;;"Balur ouvre grand les bras, et soudain son cri fuse, dÃ©chirant, inhumain. Ce nâ€™est pas une voix mortelle : câ€™est le hurlement dâ€™un esprit brisÃ©, torturÃ©, quelque chose qui nâ€™aurait jamais dÃ» exister. Le son se glisse dans vos crÃ¢nes, se faufile dans vos nerfs, et pour un instant vous Ãªtes incapables de bouger. Vos muscles se figent, votre souffle se coupeâ€¦ et le cri continue de rÃ©sonner alors quâ€™il nâ€™est plus audible que dans votre tÃªte. Autour de vous, la piÃ¨ce se met Ã  frÃ©mir. La chaleur disparaÃ®t brutalement ; les torches prennent une teinte bleue glaciale. La pierre sous vos pieds vibre doucement, comme si une force invisible cherchait Ã  la fissurer. Lâ€™air se comprime, le sol trembleâ€¦ et il se dissout dans un fracas violent, tel un voile arrachÃ© dâ€™un seul coup. Il est parti. Les guerriers squelette sâ€™effondre . AprÃ¨s avoir repris votre souffle, vous fouillez le coffre Ã  cÃ´tÃ© de vous, qui sâ€™est ouvert dans la violence du choc, rÃ©vÃ©lant 250 piÃ¨ces dâ€™or et une potion de vie (4 PV).";0
HÃ©roquest le dÃ©but;8; Le mage du feu;C;;Vous entrouvrez le coffreâ€¦ et aussitÃ´t un jet de gaz brÃ»lant sâ€™en Ã©chappe, vous fouettant le visage. Câ€™est un piÃ¨ge de Balur : un nuage toxique qui vous fait perdre 3 PV. Quand le gaz se dissipe, le coffre rÃ©vÃ¨le un Ã‰lixir de Vie. Sur le chiffon est griffonnÃ© Â« La Connaissance de la Flamme Bleue Â». Cette capacitÃ© permet uniquement Ã  lâ€™elfe dâ€™enflammer les flÃ¨ches de lâ€™arc GRAMEN pour 1 PE, une fois par tour, sans action. Une flÃ¨che enflammÃ©e donne +1 dÃ© dâ€™attaque pour cette attaque.;0
HÃ©roquest le dÃ©but;8; Le mage du feu;D;;Votre coup frappe Balurâ€¦ Il est aspirÃ© dans son pendentif qui Ã©clate. Au sol reste le sort du PhÃ©nix (lancer deux fois un sort de feu, coÃ»t 2 PE), 150 PO et la Baguette Magique. Mission accomplie. Commencez immÃ©diatement la mission suivante.;0
HÃ©roquest le dÃ©but;8; Le mage du feu;E;;Balur vÃ©ritable mage apparaÃ®t. DÃ©placez 2 momies et 2 zombies pour le protÃ©ger. BALUR : DÃ‰PLACEMENT 8 / ATTAQUE 2 / DÃ‰FENSE 5 / VIE 3 / ESPRIT 7. En cas de succÃ¨s, lire la note D.;0
HÃ©roquest le dÃ©but;8; Le mage du feu;F;;Balur apparaÃ®t et lance une attaque Ã  trois dÃ©s (dÃ©fendable) avant de disparaÃ®tre.;0
HÃ©roquest le dÃ©but;9;Course contre la montre;A;;Les hÃ©ros reprennent conscience dans la salle marquÃ©e dâ€™un A. Le calme y est trompeur, mais leurs forces sont revenues, leurs esprits sont clairs, et leurs pouvoirs vibrent Ã  nouveau. (Remonter vos PV et PE au maximum et reprenez l'ensemble de vos sortilÃ¨ges).\n\n Devant vous, trois portes se dressent, silencieuses. Chacune semble promettre une voie diffÃ©rente : peut-Ãªtre la libertÃ©â€¦ peut-Ãªtre un piÃ¨geâ€¦ ou pire encore. Impossible de savoir laquelle mÃ¨ne au salut, laquelle mÃ¨ne Ã  la perdition. Le choix vous appartient. Ã€ vous de pousser la bonne porte â€” et dâ€™assumer ce qui vous attend de lâ€™autre cÃ´tÃ©.;0
HÃ©roquest le dÃ©but;9;Course contre la montre;B;;En tentant dâ€™ouvrir les coffres, vous rÃ©alisez quâ€™ils sont Ã©tonnamment lourds. Les gonds grincent, le bois cÃ¨de lentementâ€¦ puis un Ã©clat dorÃ© vous saute presque au visage.\n Lâ€™intÃ©rieur de chaque coffre est plein Ã  ras bord. Vous y trouvez 140 piÃ¨ces dâ€™or, soigneusement empilÃ©es comme si quelquâ€™un comptait les rÃ©cupÃ©rerâ€¦ mais trop tard pour eux.\n\n Dans lâ€™un des coffres, un petit parchemin indique : Â« maitre nous avons dÃ©placer votre breuvage d'exception dans votre piÃ¨ces secrÃ¨te Â» signÃ© les gobelins des marais. Si vous trouvez un passage secret donnant accÃ¨s Ã  une piÃ¨ce, gÃ©nÃ©rer celle-ci avec lâ€™objectif 4.;0
HÃ©roquest le dÃ©but;9;Course contre la montre;C;;Ce coffre comporte un piÃ¨ge Ã  gaz toxique. Si le dÃ© de sauvegarde est Ã  zÃ©ro, un hÃ©ros perd 3 points de vie. Le coffre contient l'Elixir de vie. Son utilisation est expliquÃ©e sur la carte ArtÃ©fact correspondante.;0
HÃ©roquest le dÃ©but;10;Le Chateau Mysterieux;A;;AussitÃ´t qu'un hÃ©ros passe par une des portes, il doit s'arrÃªter immÃ©diatement et lancer 2 dÃ©s rouges. Il est alors tÃ©lÃ©portÃ© sur la case correspondant au rÃ©sultat des dÃ©s. Si cette case est dÃ©jÃ  occupÃ©e, le hÃ©ros atterrit sur le monstre ou le hÃ©ros qui est sur cette case. Le hÃ©ros ou le monstre qui se fait atterrir dessus perd 1 point de vie et, s'il est toujours vivant, il doit lancer 2 dÃ©s rouges pour savoir oÃ¹ il sera tÃ©lÃ©portÃ©. S'il obtient le mÃªme numÃ©ro de case, il doit relancer les dÃ©s. Le premier hÃ©ros tÃ©lÃ©portÃ© reste sur la case. Un hÃ©ros ne peut traverser qu'une seule porte par tour. Les cartes piÃ¨ges et Ã©vÃ©nements sont ignorÃ©es. Lire alors l'objectif correspondant au numÃ©ro de la piÃ¨ce et installer la piÃ¨ce avant de continuer votre dÃ©placement. Les monstres se dÃ©placeront Ã©galement Ã  travers les portes mais ne pourront passer qu'une porte par tour.;0
HÃ©roquest le dÃ©but;10;Le Chateau Mysterieux;B;;Si ces deux guerriers de la Terreur sont vaincus, le premier hÃ©ros Ã  chercher des trÃ©sors dÃ©couvre qu'un des guerriers portait l'artÃ©fact magique appelÃ© l'Anneau du retour. Son utilisation est expliquÃ©e sur la carte ArtÃ©fact correspondante.;0
HÃ©roquest le dÃ©but;10;Le Chateau Mysterieux;C;;"Mes hÃ©ros, merci pour votre bravoure, les terres de lâ€™Empire retrouvent un souffle dâ€™espoir. Votre bravoure a ouvert la voie : dÃ©sormais, nous pourrons rechercher lâ€™or sans redouter les piÃ¨ges qui, autrefois, guettaient chaque pas dans ce chÃ¢teau. DÃ©jÃ , lâ€™or que vous avez rapportÃ© renforce nos armÃ©es et soutient ceux qui tiennent encore la ligne face aux tÃ©nÃ¨bres. GrÃ¢ce Ã  vous, lâ€™Empire pourra poursuivre la lutte contre les forces de Zargon, et peut-Ãªtre, un jour, les repousser dÃ©finitivement.

Si un hÃ©ros a ramenÃ© 5000 piÃ¨ces dâ€™or vous percez 125 PO. Multiplier cette prime par le nombre de hÃ©ros ayant ramenÃ© 5000 PO.";0
HÃ©roquest le dÃ©but;10;Le Chateau Mysterieux;D;;Le fantÃ´me d'Ollar apparaÃ®t, ricane comme un fou, puis disparaÃ®t.;0
HÃ©roquest le dÃ©but;11;Le Bastion de la Terreur;A;;"Ceci est l'armurerie. Le premier hÃ©ros Ã  y chercher des trÃ©sors y trouvera un bouclier identique Ã  celui des cartes Ã‰quipement. Les autres armes sont inutilisables. Sur un mur un plan montre un passage secret dans le repaire. En cas de dÃ©couverte d'un passage secret, gÃ©nÃ©rer la piÃ¨ce en lisant lâ€™objectif 4.

Un plan du donjon fait apparaÃ®tre une marque Â« A Â», sans doute la salle du commandant de cette lÃ©gion. Vous devez lâ€™atteindre pour consulter lâ€™objectif 3.";0
HÃ©roquest le dÃ©but;11;Le Bastion de la Terreur;B;;Lorsque le Guerrier de la Terreur tombe sous les coups des hÃ©ros, un grondement sourd traverse la salle. Son armure noire se fissure, perd son Ã©clat puis se dÃ©sagrÃ¨ge en une pluie de cendres sombres. Au milieu de ce brouillard dâ€™ombre dissipÃ©e demeure lâ€™Ã‰pÃ©e Pourfendeuse dâ€™Orcs, artÃ©fact lÃ©gendaire. Prendre la carte correspondante.;0
HÃ©roquest le dÃ©but;11;Le Bastion de la Terreur;C;;Au moment oÃ¹ vous ouvrez le coffre, un frisson parcourt lâ€™airâ€¦ le coffre est vide. Un lÃ©ger Ã©clat magique flotte encore autour du couvercle.;0
HÃ©roquest le dÃ©but;11;Le Bastion de la Terreur;D;;Un souffle glacÃ© serpente, la statue de gargouille sâ€™anime et attaque immÃ©diatement le hÃ©ros le plus proche.;0
HÃ©roquest le dÃ©but;11;Le Bastion de la Terreur;E;;Si votre dÃ© de sÃ©curisation est supÃ©rieur Ã  trois, lisez la note C, sinon lisez la note D.;0
HÃ©roquest le dÃ©but;12;Barak Tor;A;;"En examinant la dÃ©pouille du Zombie que vous venez dâ€™occire, vous remarquez quâ€™il serre encore dans sa main dÃ©charnÃ©e un Ã©clat de lumiÃ¨re impossible Ã  confondre. Câ€™est lâ€™Ã‰toile de lâ€™Ouest, incrustÃ©e dans sa paume comme si elle y avait Ã©tÃ© soudÃ©e par une magie ancienne.

Retourner aux escaliers pour rÃ©ussir votre mission.";0
HÃ©roquest le dÃ©but;12;Barak Tor;B;;Au moment oÃ¹ vous posez le pied sur cette dalle, vous vous apercevez que vous venez de dÃ©clencher un piÃ¨ge. La dalle Ã  une case de vous (5) se dÃ©robe, et une gargouille en surgit. Vous vous retrouvez alors dans un corridor, prÃªt pour un combat serrÃ©â€¦ si lâ€™on peut dire.;0
HÃ©roquest le dÃ©but;12;Barak Tor;C;;Mince ! Elle a lâ€™apparence dâ€™une vraie porte : la matiÃ¨re, le styleâ€¦ mais non, ce nâ€™est quâ€™une fausse porte, un simple trompe-lâ€™Å“il.;0
HÃ©roquest le dÃ©but;12;Barak Tor;D;;"La porte est dÃ©jÃ  ouverte, comme si quelquâ€™un lâ€™avait poussÃ©e rÃ©cemmentâ€¦ ou comme si quelque chose en Ã©tait sorti. En jetant un Å“il rapide, vous dÃ©couvrez deux Zombies et deux Squelettes figÃ©s dans la pÃ©nombre, immobilesâ€¦ pour le moment.
Au fond de la piÃ¨ce, un coffre ancien. Son couvercle est lÃ©gÃ¨rement soulevÃ©, laissant sâ€™Ã©chapper un Ã©clat dorÃ©. Ã€ lâ€™intÃ©rieur, les piÃ¨ces sont entassÃ©es Ã  sâ€™en dÃ©verser, comme si un trÃ©sor oubliÃ© avait Ã©tÃ© brusquement mis au jour : 200 PO, prÃªtes Ã  Ãªtre prisesâ€¦ si vous survivez Ã  ceux qui gardent la salle.";0
HÃ©roquest le dÃ©but;12;Barak Tor;E;;Le premier hÃ©ros Ã  chercher des trÃ©sors trouve un bÃ¢ton magique cachÃ© derriÃ¨re la bibliothÃ¨que. C'est l'artÃ©fact appelÃ© le BÃ¢ton de l'enchanteur, prendre la carte correspondante. Sur le dos de la bibliothÃ©que , vous remarquez un petit plan couvert de lettres. Il semble que si une personne marche sur lâ€™une dâ€™elles, la lettre dÃ©voile alors son secret (lire la note correspondante).;0
HÃ©roquest le dÃ©but;13;La quÃªte de l' Ã©pÃ©e mystique;A;;"Le premier hÃ©ros qui fouille la salle dÃ©couvre une arme enveloppÃ©e dâ€™un halo ancien : lâ€™Ã‰pÃ©e Mystique.\n Il sâ€™agit dâ€™un artÃ©fact magique, dont les pouvoirs sont dÃ©crits sur la carte ArtÃ©fact correspondante.\nAu moment oÃ¹ le hÃ©ros referme sa main sur la poignÃ©e, une vague dâ€™Ã©nergie lui traverse le bras. Il sent toute la puissance contenue dans la lameâ€¦ et, au loin, des cris dâ€™Ã¢mes perdues rÃ©sonnent comme un Ã©cho venu dâ€™un autre monde.\nLes murs se mettent alors Ã  vibrer, animÃ©s par une tension sourde.\n\nÃ€ partir de ce moment, chaque fois quâ€™un piÃ¨ge est dÃ©clenchÃ©, ne tirez pas de carte Ã©venement et piÃ¨ge : il sâ€™agit automatiquement dâ€™un Ã‰boulement. Ces Ã©boulements touchent immÃ©diatement le hÃ©ros concernÃ©. Il lance un dÃ©. Sur 4, 5 ou 6, il perd 1 point de vie. Sâ€™il porte un casque, il ne perd 1 point de vie que sur un 6.\nAucune tuile de piÃ¨ge Ã  Ã©boulement ne doit Ãªtre placÃ©e sur le plateau.\nCes chutes de pierres ne bloquent jamais le passage dans cette quÃªte ; elles ne font que rappeler aux hÃ©ros que lâ€™Ã‰pÃ©e Mystique nâ€™est pas un simple trÃ©sorâ€¦ mais un fardeau grondant de magie ancienne.";0
HÃ©roquest le dÃ©but;13;La quÃªte de l' Ã©pÃ©e mystique;B;;Le Nain aperÃ§oit alors un morceau de parchemin glissÃ© entre deux pierres du sol. En le dÃ©roulant, il distingue le croquis dâ€™une piÃ¨ce dÃ©bordant dâ€™or et de trÃ©sors anciens. Les traits sont maladroits, mais la promesse, elle, est claire : quelque part dans ce donjon se cache une salle de richesse oubliÃ©e.\n\nÃ€ partir de maintenant, si un hÃ©ros dÃ©couvre un passage secret, lisez immÃ©diatement lâ€™Objectif 3 avant dâ€™installer la piÃ¨ce correspondante.;0
HÃ©roquest le dÃ©but;14;Retour  Ã Barak Tor;A;;Vous vous approchez du mur. Sous la poussiÃ¨re, de minuscules pierres gravÃ©es dessinent des lettres Ã  peine visibles. Lorsque vos doigts les effleurent, elles sâ€™enfoncent doucement, comme si le mur rÃ©pondait Ã  votre toucher.\n\nUne phrase apparaÃ®t alors, gravÃ©e par la magie elle-mÃªme :\nÂ« Pour connaÃ®tre le plan du donjon, donne le nom du chevalier qui a Ã©tÃ© dÃ©livrÃ©. Â»\n\nUn souffle glacÃ© traverse le couloir.\nLe murâ€¦ attend votre rÃ©ponse.\n\nUne fois la bonne rÃ©ponse donnÃ©e, un message apparaÃ®t : lisez la Note B.;0
HÃ©roquest le dÃ©but;14;Retour  Ã Barak Tor;B;;Le sol se met alors Ã  trembler et un plan de la nÃ©cropole se dÃ©voile.\nLes lignes du donjon se tracent toutes seules, dessinÃ©es par une lumiÃ¨re pÃ¢le qui serpente le long des murs. Peu Ã  peu, la carte complÃ¨te de la nÃ©cropole prend forme sous vos yeux.\n\nPuis, dans un Ã©clat plus vif, une porte apparaÃ®t sur le plan : une porte qui nâ€™Ã©tait pas visible auparavant, enfouie derriÃ¨re une illusoire paroi de pierre.\n\nÂ« Rendez-vous devant cette porteâ€¦ puis lisez lâ€™Objectif 3. Â»\n\nUn dernier souffle de magie sâ€™Ã©teint.\nLe chemin est dÃ©sormais ouvert â€” mais ce qui vous attend derriÃ¨re cette porte est votre destinÃ©e.;0
HÃ©roquest le dÃ©but;14;Retour  Ã Barak Tor;C;;Lorsque lâ€™Ã‰pÃ©e Mystique transperce enfin le cÅ“ur du Seigneur Sorcier, un cri dÃ©chirant rÃ©sonne dans toute la nÃ©cropole. Lâ€™Ã©nergie noire qui lâ€™animait se disperse en une onde de poussiÃ¨re lumineuse, et son corps sâ€™effondre, rÃ©duit Ã  un simple tas dâ€™os brisÃ©s.\n\nLes runes maudites gravÃ©es sur les murs sâ€™Ã©teignent une Ã  une, comme des lanternes quâ€™on souffle. Un vent froid traverse Barak Tor, emportant la derniÃ¨re trace de son pouvoir.\n\nLe rituel est brisÃ©.\nLes morts-vivants sâ€™immobilisent, leurs os se disloquent, et les tÃ©nÃ¨bres qui menaÃ§aient lâ€™Empire se dissipent comme un mauvais rÃªve Ã  lâ€™aube.\nLorsque la poussiÃ¨re retombe enfin sur les ruines de Barak Tor, un silence profond envahit les couloirs.Le Seigneur Sorcier nâ€™est plus quâ€™un souvenir maudit, son pouvoir brisÃ©, son Ã¢me renvoyÃ©e aux tÃ©nÃ¨bres dâ€™oÃ¹ elle nâ€™aurait jamais dÃ» sortir.Les hÃ©ros, Ã©puisÃ©s mais victorieux, remontent vers la surface.\n(Lisez la Note D.);0
HÃ©roquest le dÃ©but;14;Retour  Ã Barak Tor;D;;Les hÃ©ros, meurtris mais victorieux, quittent la nÃ©cropole tandis que la lumiÃ¨re du jour perce les brumes du matin.Sur la route du retour, les messagers de lâ€™Empereur chevauchent Ã  votre rencontre : la nouvelle de votre victoire sâ€™est rÃ©pandue plus vite que le vent.\n\nLorsque vous franchissent les portes du royaume, une clameur immense sâ€™Ã©lÃ¨ve de la foule. Des milliers de citoyens acclament vos noms, jetant fleurs et rubans, criant leur gratitude envers ceux qui ont empÃªchÃ© lâ€™Empire de sombrer.\n\nLâ€™Empereur, entourÃ© de ses lÃ©gions, vous accueille personnellement sur les marches du palais :Â« Aucun titre ne saurait Ã©galer votre courage. Â»Chacun des hÃ©ros reÃ§oit alors le titre de Champion.\nDes festins sont donnÃ©s, les tavernes rÃ©sonnent de chansons contant leurs exploits, et les enfants jouent dÃ©sormais Ã  imiter leurs gestes hÃ©roÃ¯ques.\n\nMais au-delÃ  des honneurs et des richesses, une chose demeure : la campagne principale prend finâ€¦ mais leurs lÃ©gendes, elles, ne font que commencer.;0
La forterresse de Kellar;1;La grande porte;A;;Le coffre est vide.;0
La forterresse de Kellar;1;La grande porte;B;;Face Ã  vous se dresse un tableau mÃ©canique grossier, couvert de poussiÃ¨re et de runes effacÃ©es. Deux lourdes manivelles de fer noirci y sont enchÃ¢ssÃ©es. Une note succinte explique leur fonctionnement, elles doivent Ãªtre actionnÃ©es dans lâ€™ordre suivant : manivelle 1 puis manivelle 2. Toute tentative dâ€™inverser lâ€™ordre provoque un grincement inquiÃ©tant sans autre effet visible. Si un hÃ©ros souhaite actionner une manivelle, lisez la Note 1 ou la Note 2 si la premiÃ¨re manivelle a Ã©tÃ© actionnÃ©e.;0
La forterresse de Kellar;1;La grande porte;C;;La gargouille semble Ãªtre une statue de pierre. Si le dÃ© de sÃ©curisation est de 4 ou plus, le coffre rÃ©vÃ¨le 200 PO. Sinon la gargouille est vivante et doit Ãªtre vaincue avoir de rÃ©cuperer l'or. Elle ne peut pas Ãªtre blessÃ©e tant quâ€™elle nâ€™a pas bougÃ© ou attaquÃ©.( donc aprÃ¨s le prochain tour de zargon;0
La forterresse de Kellar;1;La grande porte;1;;Placez une porte secrÃ¨te comme indiquÃ© sur le plan puis 5 gobelins dans cette salle dÃ©couverte. Les Ã©nnemis se dÃ©placerons lorsqu'un passage vers les hÃ©ros sera possible.;0
La forterresse de Kellar;1;La grande porte;2;;"Placez les deux portes secrÃ¨tes comme indiquÃ© sur plan.
 PiÃ¨ce A : 2 gobelins, 1 abomination, 1 atelier de torture, 1 coffre ( si vous ouhaitez le fouiller lire Note A). 
PiÃ¨ce B : 1 gargouille immobile, 1 coffre, 1 bibliothÃ¨que ( si vous ouhaitez le fouiller lire Note C).";0
La forterresse de Kellar;2;Les galeries du guerrier;A;;"Il sâ€™agit du coffre secret des Nains. Le premier hÃ©ros qui fouille ce trÃ©sor trouve deux Dagues de Lancer Magiques (voir carte dâ€™artefact). Ces dagues peuvent Ãªtre rÃ©parties entre deux hÃ©ros.

En regardant de plus prÃ¨s, trois parchemins dâ€™ingÃ©nieur nain dÃ©crivent les piÃ¨ges de Kellar. Seul le Nain peut les comprendre. DÃ©sormais, lorsque le Nain dÃ©clenche un piÃ¨ge ou quâ€™il en recherche un (pour le dÃ© de sÃ©curisation), celui-ci peut Ãªtre Ã©vitÃ© sur un jet dâ€™un dÃ© de combat. Sâ€™il nâ€™obtient pas de symbole de bouclier blanc, le piÃ¨ge est annulÃ© (ni appliquÃ© ni posÃ©).";0
La forterresse de Kellar;3;Le passage en colimacon;A;;Lorsque le dernier hÃ©ros a jouÃ© son tour, un Ã©norme rocher se dÃ©tache du plafond. Placez le pion rocher rond sur la case A. Ã€ chaque tour de Zargon, lancez 2 dÃ©s rouges pour dÃ©terminer de combien de cases le rocher descend. Chaque hÃ©ros touchÃ© subit 5 dÃ©s de combat, chaque crÃ¢ne fait perdre 1 PV. Ce piÃ¨ge est inÃ©vitable.;0
La forterresse de Kellar;3;Le passage en colimacon;B;;Vous ouvrez la porte de sortieâ€¦ mais câ€™est un piÃ¨ge. Installez immÃ©diatement les monstres indiquÃ©s sur le plan. Vous pouvez fuir par la nouvelle porte.;0
La forterresse de Kellar;3;Le passage en colimacon;C;;Utilisez la tuile dâ€™escalier en spirale. Tout hÃ©ros qui lâ€™emprunte est automatiquement dirigÃ© vers la QuÃªte 4.;0
La forterresse de Kellar;4;La forge des nains;A;;Une opale de feu dâ€™une valeur de 100 PO est dissimulÃ©e sous la table.;0
La forterresse de Kellar;4;La forge des nains;B;;Dans le bureau de lâ€™alchimiste, un Anneau de Feu est trouvÃ©. Un passage secret est activÃ©.;0
La forterresse de Kellar;4;La forge des nains;C;;Installez la forge des nains. Tout hÃ©ros sauf le nain qui termine son dÃ©placement ici lance 1 dÃ© de combat. Un crÃ¢ne fait perdre 1 PV.;0
La forterresse de Kellar;4;La forge des nains;D;;Ce coffre est piÃ©gÃ©. Le hÃ©ros perd 2 PV. Il contient une partie de la carte de Grin.;0
La forterresse de Kellar;4;La forge des nains;E;;Ce trÃ©sor spÃ©cial contient 300 PO.;0
